{
    "music_volume": 0.49333333333333335,
    "sound_volume": 0.4866666666666667,
    "fullscreen_mode": 0
}